<?xml version="1.0" encoding="utf-8" standalone="yes"?>
<rss version="2.0" xmlns:atom="http://www.w3.org/2005/Atom">
  <channel>
    <title>Apropos on zalepentester | Blog</title>
    <link>https://zalepentester.com/apropos/</link>
    <description>Recent content in Apropos on zalepentester | Blog</description>
    <generator>Hugo -- gohugo.io</generator>
    <language>fr</language>
    <managingEditor>info@zalepentester.com (Saliou Thiam)</managingEditor>
    <webMaster>info@zalepentester.com (Saliou Thiam)</webMaster>
    <lastBuildDate>Wed, 17 Jan 2024 12:11:51 +0000</lastBuildDate>
    <atom:link href="https://zalepentester.com/apropos/index.xml" rel="self" type="application/rss+xml" />
    <item>
      <title>A propos</title>
      <link>https://zalepentester.com/apropos/apropos/</link>
      <pubDate>Wed, 17 Jan 2024 12:11:51 +0000</pubDate><author>info@zalepentester.com (Saliou Thiam)</author>
      <guid>https://zalepentester.com/apropos/apropos/</guid>
      <description>Presentation Salut, je suis Saliou Thiam, un passionné de la sécurité informatique et je suis spécialisé dans le Pentest. Mon expertise réside dans la découverte proactive de vulnérabilités pour renforcer la sécurité des systèmes informatiques.&#xA;Certifications 🛡️ Certified Ethical Hacker 🔐 ComptiaSec+ 🌐 Google CyberSecurity Certificat Professional 🌐 Threat Intelligence and Risk Monitoring 🔐 API Penetration Testing Contact 📧 Email : info@zalepentester.com</description>
    </item>
  </channel>
</rss>
